Schrack;List price
MO90AA11--;176,00
MO90AA12--;214,00
MO90AA13--;320,00
MO90AA14--;176,00
MO90AA15--;214,00
MO90AA16--;320,00
MO90AA21--;533,00
MO90AA22--;617,00
MO90AA23--;792,00
MO90AA31--;642,00
MO90AA32--;811,00
MO90AA33--;1.030,00
MO90AA51--;328,00
MO90AA52--;328,00
MO90AA53--;328,00
MO90AA54--;328,00
MO90AA55--;328,00
MO90AA56--;328,00
MO90AA57--;328,00
MO90AA58--;328,00
MO90AA61--;328,00
MO90AA62--;328,00
MO90AA63--;328,00
MO90AA64--;328,00
MO90AA65--;328,00
MO90AA66--;328,00
MO90AA67--;328,00
MO90AB01--;107,00
MO90AB02--;71,10
MO90AB03--;88,40
MO90AB04--;116,00
MO90AB07--;71,10
MO90AB08--;107,00
MO90AB10--;177,00
MO90AB12--;26,40
MO90AB18--;172,00
MO90AD01--;313,00
MO90AD02--;329,00
MO90AD03--;329,00
MO90AD04--;329,00
MO90AD05--;313,00
MO90AD06--;313,00
MO90AD11--;332,00
MO90AD12--;353,00
MO90AD13--;332,00
MO90AD14--;332,00
MO90AE01--;370,00
MO90AE02--;407,00
MO90AE03--;407,00
MO90AE04--;370,00
MO90AE05--;370,00
MO90AE06--;370,00
MO90AE07--;407,00
MO90AE11--;995,00
MO90AE12--;896,00
MO90AE13--;896,00
MO90AE14--;995,00
MO90AF01--;1.440,00
MO90AF02--;1.520,00
MO90AF03--;1.440,00
MO90AF04--;1.440,00
MO90AG01--;321,00
MO90AG02--;162,00
MO90AG03--;162,00
MO90AH01--;176,00
MO90AH02--;71,10
MO90AH07--;399,00
MO90AH08--;123,00
MO90AH11--;246,00
MO90AH12--;426,00
MO90AH04--;108,00
MO90AJ02--;146,00
MO90AJ03--;246,00
MO90AJ05--;326,00
MO90AJ06--;390,00
MO90AK03--;390,00
MO90AK04--;390,00
MO90AK05--;390,00
MO90AK06--;390,00
MO90AK21--;103,00
MO90AK30--;53,40
MO90AK31--;73,20
MO90AK32--;1.260,00
MO90AK33--;73,20
MO90AK34--;1.260,00
MO90AL01--;79,10
MO90AL02--;79,10
MO90AL03--;97,40
MO90AL04--;116,00
MO90AL05--;155,00
MO90AL06--;292,00
MO90AL07--;79,10
MO90AL08--;79,10
MO90AL11--;97,40
MO90AL12--;116,00
MO90AL13--;155,00
MO90AL14--;292,00
MO90AL51--;79,10
MO90AL52--;79,10
MO90AL53--;97,40
MO90AL54--;116,00
MO90AL55--;155,00
MO90AL56--;292,00
MO90AL57--;79,10
MO90AL58--;79,10
MO90AL61--;97,40
MO90AL62--;116,00
MO90AL63--;155,00
MO90AL64--;292,00
MO90AM01--;74,20
MO90AM02--;166,00
MO90AM03--;369,00
MO90AN01--;79,10
MO90AN02--;81,40
MO90AN03--;97,40
MO90AN04--;116,00
MO90AN05--;146,00
MO90AN06--;292,00
MO90AN07--;79,10
MO90AN08--;79,10
MO90AN10--;1.870,00
MO90AN11--;97,40
MO90AN12--;116,00
MO90AN13--;155,00
MO90AN14--;292,00
MO90AN15--;79,10
MO90AN16--;79,10
MO90AN17--;97,40
MO90AN18--;116,00
MO90AN20--;1.870,00
MO90AN21--;155,00
MO90AN22--;317,00
MO90AN23--;1.380,00
MO90AN24--;79,10
MO90AN25--;79,10
MO90AN26--;90,90
MO90AN27--;116,00
MO90AN28--;146,00
MO90AN31--;274,00
MO90AN32--;79,10
MO90AN33--;79,10
MO90AN34--;97,40
MO90AN35--;116,00
MO90AN36--;155,00
MO90AN37--;317,00
MO90AN41--;204,00
MO90AN42--;282,00
MO90AN43--;367,00
MO90AN44--;245,00
MO90AN45--;324,00
MO90AN46--;378,00
MO90AP01--;264,00
MO90AP02--;555,00
MO90AP04--;369,00
MO90AP06--;419,00
MO90AP07--;723,00
MO90AP08--;428,00
MO90AP11--;512,00
MO90AP12--;866,00
MO90AR12--;139,00
MO90AR13--;139,00
MO90AS01--;88,40
MO90AS02--;107,00
MO90AS03--;176,00
MO90AS05--;246,00
MO90AS06--;303,00
MO90AS32--;353,00
MO90AS36--;390,00
MO90AS38--;443,00
MO90AS42--;374,00
MO90AS44--;426,00
MO90AS46--;477,00
MO90AT04--;1.770,00
MO90AT12--;1.820,00
MO90AT15--;1.170,00
MO90AT16--;674,00
MO90AT17--;1.170,00
MO90AT20--;671,00
MO90AT21--;397,00
MO90AT23--;533,00
MO90AT26--;567,00
MO90AT27--;533,00
MO90AT32--;2.090,00
MO90AT33--;#NV
MO90AT44--;23.200,00
MO90AT45--;53,30
MO90AT46--;53,30
MO90AT53--;1.140,00
MO90AT56--;1.140,00
MO90AT81--;353,00
MO90BA01--;126,00
MO90BA02--;176,00
MO90BA04--;136,00
MO90BA05--;101,00
MO90BA06--;126,00
MO90BA07--;151,00
MO90BA08--;114,00
MO90BA10--;165,00
MO90BA14--;#NV
MO90BA21--;200,00
MO90BA22--;382,00
MO90BA24--;417,00
MO90BA31--;186,00
MO90BA33--;311,00
MO90BA34--;379,00
MO90BA35--;311,00
MO90BA36--;282,00
MO90BA38--;370,00
MO90BA41--;130,00
MO90BA43--;753,00
MO90BA50--;858,00
MO90BA51--;619,00
MO90BA53--;638,00
MO90BA57--;704,00
MO90BA58--;704,00
MO90BA71--;219,00
MO90BA72--;382,00
MO90BA73--;619,00
MO90BA75--;625,00
MO90BA76--;778,00
MO90BA77--;758,00
MO90BA80--;879,00
MO90BA81--;619,00
MO90BA83--;625,00
MO90BA85--;778,00
MO90BA86--;778,00
MO90BB12--;243,00
MO90BB13--;243,00
MO90BB15--;243,00
MO90S550--;862,00
MO90BB22--;767,00
MO90BB23--;117,00
MO90R550--;862,00
MO90BB30--;81,10
MO90BB45--;175,00
MO90BB46--;227,00
MO90BB47--;316,00
MO90BB50--;324,00
MO90BB68--;492,00
MO90BC02--;20,70
MO90BC03--;22,30
MO90BC04--;17,70
MO90BC05--;25,10
MO90BC11--;553,00
MO90BC12--;732,00
MO90BC13--;1.100,00
MO90BC14--;642,00
MO90BC15--;823,00
MO90BC16--;1.190,00
MO90BC21--;50,30
MO901AC4--;1.822,40
MO902AC4--;2.182,40
MO903AC4--;2.492,40
MO904AC4--;3.102,40
MO905AC4--;4.672,40
MO906AC4--;5.732,40
MO340431--;23.800,00
MO340432--;22.200,00
MO340433--;23.800,00
MO340434--;23.800,00
MO340435--;25.500,00
MO340436--;29.700,00
MO340437--;31.300,00
MO340438--;29.700,00
MO340441--;30.300,00
MO340442--;28.300,00
MO340443--;30.300,00
MO340444--;30.300,00
MO340445--;37.100,00
MO340446--;42.600,00
MO340447--;44.500,00
MO340448--;42.600,00
MO340531--;29.800,00
MO340532--;28.400,00
MO340535--;31.600,00
MO340536--;36.700,00
MO340537--;38.200,00
MO340541--;42.300,00
MO340542--;40.500,00
MO340545--;43.800,00
MO340546--;50.400,00
MO340547--;52.300,00
MO350431--;39.300,00
MO350432--;37.700,00
MO350435--;39.600,00
MO350436--;45.400,00
MO350437--;46.800,00
MO350441--;49.300,00
MO350442--;47.200,00
MO350445--;49.900,00
MO350446--;57.600,00
MO350447--;59.700,00
MO350531--;40.400,00
MO350532--;39.000,00
MO350535--;40.100,00
MO350536--;47.000,00
MO350537--;48.600,00
MO350541--;54.500,00
MO350542--;52.600,00
MO350545--;53.400,00
MO350546--;62.500,00
MO350547--;64.300,00
MO363431--;50.000,00
MO363435--;52.500,00
MO363437--;62.500,00
MO363441--;63.100,00
MO363445--;63.800,00
MO363447--;75.700,00
MO363531--;55.600,00
MO363535--;54.800,00
MO363537--;64.600,00
MO363541--;69.800,00
MO363545--;69.300,00
MO363547--;81.300,00
MO890000--;0,00
MO890150--;1.470,00
MO890250--;1.640,00
MO890450--;2.000,00
MO89D450--;2.320,00
MO890760--;4.190,00
MO89027G--;2.450,00
MO89045G--;2.940,00
MO89D45G--;3.320,00
MO89076G--;5.150,00
MO891000--;0,00
MO892000--;282,00
MO893000--;282,00
MO894000--;1.580,00
MO895000--;1.580,00
MO896000--;1.580,00
MO890A00--;0,00
MO890B00--;282,00
MO890C00--;303,00
MO890D00--;303,00
MO890E00--;303,00
MO890F00--;282,00
MO890G00--;282,00
MO8900A0--;0,00
MO8900B0--;282,00
MO8900C0--;303,00
MO8900D0--;303,00
MO8900E0--;303,00
MO8900F0--;282,00
MO8900G0--;282,00
MO8900J0--;335,00
MO8900K0--;374,00
MO8900L0--;374,00
MO8900U0--;374,00
MO8900M0--;335,00
MO8900N0--;335,00
MO8900P0--;374,00
MO8900Q0--;903,00
MO8900R0--;817,00
MO8900S0--;817,00
MO8900T0--;903,00
MO890002--;0,00
MO890004--;290,00
MO890007--;290,00
MO890008--;290,00
MO800A11--;33,10
MO800A12--;33,10
MO800A21--;120,00
MO800A61--;35,50
MO800B02--;0,00
MO800B03--;0,00
MO800B04--;0,00
MO800B05--;0,00
MO800B06--;0,00
MO800B08--;0,00
MO800B10--;0,00
MO800B12--;0,00
MO800B16--;0,00
MO800B20--;0,00
MO800B25--;0,00
MO800B32--;0,00
MO800B40--;0,00
MO800B50--;0,00
MO800B63--;0,00
MO800C01--;346,00
MO800C11--;61,60
MO800C12--;214,00
MO800C20--;116,00
MO800C22--;159,00
MO800C26--;61,60
MO800C27--;61,60
MO800F01--;592,00
MO800F02--;1.400,00
MO800F05--;1.360,00
MO800F12--;1.400,00
MO830F23--;288,00
MO800F31--;1.120,00
MO800K01--;88,40
MO800K06--;108,00
MO800K07--;97,40
MO800K10--;436,00
MO800K11--;436,00
MO800K12--;436,00
MO800K13--;436,00
MO800M01--;1.300,00
MO800M03--;1.360,00
MO800M05--;1.300,00
MO800M06--;1.300,00
MO800M21--;282,00
MO800M22--;303,00
MO800M23--;303,00
MO800M24--;303,00
MO800M25--;280,00
MO800M26--;282,00
MO800M31--;282,00
MO800M33--;303,00
MO800M35--;282,00
MO800M36--;282,00
MO800M41--;282,00
MO800M43--;303,00
MO800M45--;282,00
MO800M46--;282,00
MO830N11--;726,00
MO834N11--;964,00
MO830N20--;726,00
MO831N20--;872,00
MO834N20--;964,00
MO835N20--;1.040,00
MO830N24--;726,00
MO831N24--;726,00
MO834N24--;726,00
MO835N24--;726,00
MO801N61--;116,00
MO830P00--;1.360,00
MO834P00--;1.830,00
MO830P01--;1.360,00
MO834P01--;1.830,00
MO830P07--;726,00
MO834P07--;964,00
MO830P18--;726,00
MO831P18--;872,00
MO834P18--;964,00
MO835P18--;1.040,00
MO830P19--;726,00
MO834P19--;964,00
MO830P23--;726,00
MO831P23--;872,00
MO834P23--;964,00
MO835P23--;1.040,00
MO830P28--;726,00
MO834P28--;964,00
MO802P61--;116,00
MO830R10--;426,00
MO834R10--;477,00
MO800R15--;214,00
MO800R16--;374,00
MO830R21--;657,00
MO834R21--;786,00
MO820R30--;214,00
MO820R50--;214,00
MO800R55--;764,00
MO800R56--;669,00
MO800R57--;103,00
MO800R60--;637,00
MO800R61--;548,00
MO800R68--;637,00
MO800R81--;548,00
MO800R85--;688,00
MO800R86--;688,00
MO800S01--;246,00
MO800S03--;335,00
MO800S05--;165,00
MO800S07--;116,00
MO800S08--;275,00
MO800S09--;275,00
MO800S24--;320,00
MO800S25--;335,00
MO800S30--;214,00
MO800S33--;193,00
MO800S55--;764,00
MO800S71--;548,00
MO800S75--;688,00
MO800S76--;688,00
MO800T40--;242,00
MO208231--;3.910,00
MO208232--;3.540,00
MO208233--;3.910,00
MO208234--;3.910,00
MO208235--;3.900,00
MO208236--;5.480,00
MO208237--;5.870,00
MO208238--;5.480,00
MO208241--;6.160,00
MO208242--;5.670,00
MO208243--;6.160,00
MO208244--;6.160,00
MO208245--;6.660,00
MO208246--;8.480,00
MO208247--;8.960,00
MO208248--;8.480,00
MO208331--;4.120,00
MO208332--;3.740,00
MO208333--;4.120,00
MO208334--;4.120,00
MO208335--;4.460,00
MO208336--;5.890,00
MO208337--;6.270,00
MO208338--;5.890,00
MO208341--;6.350,00
MO208342--;5.870,00
MO208343--;6.350,00
MO208344--;6.350,00
MO208345--;6.660,00
MO208346--;8.680,00
MO208347--;9.170,00
MO208348--;8.680,00
MO208431--;4.400,00
MO208432--;4.020,00
MO208433--;4.400,00
MO208434--;4.400,00
MO208435--;4.820,00
MO208436--;6.250,00
MO208437--;6.610,00
MO208438--;6.250,00
MO208441--;6.650,00
MO208442--;6.130,00
MO208443--;6.650,00
MO208444--;6.650,00
MO208445--;6.880,00
MO208446--;8.940,00
MO208447--;9.460,00
MO208448--;8.940,00
MO210231--;4.170,00
MO210232--;3.790,00
MO210233--;4.170,00
MO210234--;4.170,00
MO210235--;4.050,00
MO210236--;5.670,00
MO210237--;6.040,00
MO210238--;5.670,00
MO210241--;6.600,00
MO210242--;6.080,00
MO210243--;6.600,00
MO210244--;6.600,00
MO210245--;7.140,00
MO210246--;8.940,00
MO210247--;9.460,00
MO210248--;8.940,00
MO210331--;4.430,00
MO210332--;4.050,00
MO210333--;4.430,00
MO210334--;4.430,00
MO210335--;4.810,00
MO210336--;6.190,00
MO210337--;6.580,00
MO210338--;6.190,00
MO210341--;6.880,00
MO210342--;6.370,00
MO210343--;6.880,00
MO210344--;6.880,00
MO210345--;7.180,00
MO210346--;9.200,00
MO210347--;9.700,00
MO210348--;9.200,00
MO210431--;4.820,00
MO210432--;4.430,00
MO210433--;4.820,00
MO210434--;4.820,00
MO210435--;5.150,00
MO210436--;6.610,00
MO210437--;6.970,00
MO210438--;6.610,00
MO210441--;7.180,00
MO210442--;6.690,00
MO210443--;7.180,00
MO210444--;7.180,00
MO210445--;7.420,00
MO210446--;9.470,00
MO210447--;9.970,00
MO210448--;9.470,00
MO212231--;4.970,00
MO212232--;4.600,00
MO212233--;4.970,00
MO212234--;4.970,00
MO212235--;4.770,00
MO212236--;6.180,00
MO212237--;6.570,00
MO212238--;6.180,00
MO212241--;7.060,00
MO212242--;6.570,00
MO212243--;7.060,00
MO212244--;7.060,00
MO212245--;7.510,00
MO212246--;9.390,00
MO212247--;9.900,00
MO212248--;9.390,00
MO212331--;5.130,00
MO212332--;4.770,00
MO212333--;5.130,00
MO212334--;5.130,00
MO212335--;5.540,00
MO212336--;6.950,00
MO212337--;7.330,00
MO212338--;6.950,00
MO212341--;7.320,00
MO212342--;6.820,00
MO212343--;7.320,00
MO212344--;7.320,00
MO212345--;7.550,00
MO212346--;9.530,00
MO212347--;10.000,00
MO212348--;9.530,00
MO212431--;5.490,00
MO212432--;5.120,00
MO212433--;5.490,00
MO212434--;5.490,00
MO212435--;5.910,00
MO212436--;7.300,00
MO212437--;7.670,00
MO212438--;7.300,00
MO212441--;7.590,00
MO212442--;7.110,00
MO212443--;7.590,00
MO212444--;7.590,00
MO212445--;7.860,00
MO212446--;9.940,00
MO212447--;10.400,00
MO212448--;9.940,00
MO216231--;7.950,00
MO216232--;7.580,00
MO216233--;7.950,00
MO216234--;7.950,00
MO216235--;8.230,00
MO216236--;9.650,00
MO216237--;10.000,00
MO216238--;9.650,00
MO216241--;10.300,00
MO216242--;9.740,00
MO216243--;10.300,00
MO216244--;10.300,00
MO216245--;10.700,00
MO216246--;12.600,00
MO216247--;13.000,00
MO216248--;12.600,00
MO216331--;8.010,00
MO216332--;7.650,00
MO216333--;8.010,00
MO216334--;8.010,00
MO216335--;8.490,00
MO216336--;9.950,00
MO216337--;10.300,00
MO216338--;9.950,00
MO216341--;10.600,00
MO216342--;10.100,00
MO216343--;10.600,00
MO216344--;10.600,00
MO216345--;10.900,00
MO216346--;12.900,00
MO216347--;13.300,00
MO216348--;12.900,00
MO216431--;8.520,00
MO216432--;8.150,00
MO216433--;8.520,00
MO216434--;8.520,00
MO216435--;9.030,00
MO216436--;10.500,00
MO216437--;10.900,00
MO216438--;10.500,00
MO216441--;11.000,00
MO216442--;10.500,00
MO216443--;11.000,00
MO216444--;11.000,00
MO216445--;11.300,00
MO216446--;13.200,00
MO216447--;13.600,00
MO216448--;13.200,00
MO220231--;8.680,00
MO220232--;8.200,00
MO220233--;8.680,00
MO220234--;8.680,00
MO220235--;9.520,00
MO220236--;11.000,00
MO220237--;11.500,00
MO220238--;11.000,00
MO220241--;11.500,00
MO220242--;10.800,00
MO220243--;11.500,00
MO220244--;11.500,00
MO220245--;12.300,00
MO220246--;14.600,00
MO220247--;15.100,00
MO220248--;14.600,00
MO220331--;9.660,00
MO220332--;9.200,00
MO220333--;9.660,00
MO220334--;9.660,00
MO220335--;10.600,00
MO220336--;12.000,00
MO220337--;12.500,00
MO220338--;12.000,00
MO220341--;12.800,00
MO220342--;12.200,00
MO220343--;12.800,00
MO220344--;12.800,00
MO220345--;13.400,00
MO220346--;15.600,00
MO220347--;16.300,00
MO220348--;15.600,00
MO220431--;10.100,00
MO220432--;9.650,00
MO220433--;10.100,00
MO220434--;10.100,00
MO220435--;11.000,00
MO220436--;12.300,00
MO220437--;12.800,00
MO220438--;12.300,00
MO220441--;13.000,00
MO220442--;12.500,00
MO220443--;13.000,00
MO220444--;13.000,00
MO220445--;13.900,00
MO220446--;16.100,00
MO220447--;16.600,00
MO220448--;16.100,00
MO225231--;12.200,00
MO225232--;11.700,00
MO225233--;12.200,00
MO225234--;12.200,00
MO225235--;12.700,00
MO225236--;14.600,00
MO225237--;15.100,00
MO225238--;14.600,00
MO225241--;15.900,00
MO225242--;15.200,00
MO225243--;15.900,00
MO225244--;15.900,00
MO225245--;16.300,00
MO225246--;18.700,00
MO225247--;19.300,00
MO225248--;18.700,00
MO225331--;13.400,00
MO225332--;12.900,00
MO225333--;13.400,00
MO225334--;13.400,00
MO225335--;13.600,00
MO225336--;15.600,00
MO225337--;16.200,00
MO225338--;15.600,00
MO225341--;17.700,00
MO225342--;17.000,00
MO225343--;17.700,00
MO225344--;17.700,00
MO225345--;17.900,00
MO225346--;20.700,00
MO225347--;21.400,00
MO225348--;20.700,00
MO225431--;14.100,00
MO225432--;13.500,00
MO225433--;14.100,00
MO225434--;14.100,00
MO225435--;14.700,00
MO225436--;16.300,00
MO225437--;16.900,00
MO225438--;16.300,00
MO225441--;18.000,00
MO225442--;17.300,00
MO225443--;18.000,00
MO225444--;18.000,00
MO225445--;18.200,00
MO225446--;21.100,00
MO225447--;21.700,00
MO225448--;21.100,00
MO232231--;14.800,00
MO232232--;13.800,00
MO232233--;14.800,00
MO232234--;14.800,00
MO232235--;14.600,00
MO232236--;18.000,00
MO232237--;19.100,00
MO232238--;18.000,00
MO232241--;19.600,00
MO232242--;18.500,00
MO232243--;19.600,00
MO232244--;19.600,00
MO232245--;20.400,00
MO232246--;24.000,00
MO232247--;25.200,00
MO232248--;24.000,00
MO232331--;15.100,00
MO232332--;14.400,00
MO232333--;15.100,00
MO232334--;15.100,00
MO232335--;15.800,00
MO232336--;19.000,00
MO232337--;19.700,00
MO232338--;19.000,00
MO232341--;20.700,00
MO232342--;19.600,00
MO232343--;20.700,00
MO232344--;20.700,00
MO232345--;21.100,00
MO232346--;25.200,00
MO232347--;26.200,00
MO232348--;25.200,00
MO232431--;16.500,00
MO232432--;15.800,00
MO232433--;16.500,00
MO232434--;16.500,00
MO232435--;16.300,00
MO232436--;19.600,00
MO232437--;20.400,00
MO232438--;19.600,00
MO232441--;22.400,00
MO232442--;21.500,00
MO232443--;22.400,00
MO232444--;22.400,00
MO232445--;21.700,00
MO232446--;26.200,00
MO232447--;27.300,00
MO232448--;26.200,00
MO240231--;16.500,00
MO240237--;24.100,00
MO240241--;23.200,00
MO240247--;32.800,00
MO240331--;18.200,00
MO240337--;25.100,00
MO240341--;24.500,00
MO240347--;34.500,00
MO240431--;19.900,00
MO240437--;26.700,00
MO240441--;25.900,00
MO240447--;36.700,00
MO820F23--;193,00
MO820N11--;243,00
MO821N11--;287,00
MO822N11--;379,00
MO824N11--;325,00
MO825N11--;379,00
MO826N11--;511,00
MO820N20--;243,00
MO821N20--;287,00
MO822N20--;379,00
MO824N20--;325,00
MO825N20--;379,00
MO826N20--;511,00
MO820N24--;243,00
MO821N24--;287,00
MO822N24--;379,00
MO824N24--;243,00
MO825N24--;287,00
MO826N24--;379,00
MO820P00--;460,00
MO821P00--;548,00
MO822P00--;726,00
MO824P00--;617,00
MO825P00--;726,00
MO826P00--;974,00
MO820P01--;460,00
MO821P01--;548,00
MO822P01--;726,00
MO824P01--;617,00
MO825P01--;726,00
MO826P01--;974,00
MO820P07--;243,00
MO821P07--;287,00
MO822P07--;379,00
MO824P07--;325,00
MO825P07--;379,00
MO826P07--;511,00
MO820P18--;243,00
MO821P18--;287,00
MO822P18--;379,00
MO824P18--;325,00
MO825P18--;379,00
MO826P18--;511,00
MO820P19--;243,00
MO821P19--;287,00
MO822P19--;379,00
MO824P19--;325,00
MO825P19--;379,00
MO826P19--;511,00
MO820P23--;243,00
MO821P23--;287,00
MO822P23--;379,00
MO824P23--;325,00
MO825P23--;379,00
MO826P23--;511,00
MO820P28--;243,00
MO821P28--;287,00
MO822P28--;379,00
MO824P28--;325,00
MO825P28--;379,00
MO826P28--;511,00
MO820R10--;335,00
MO824R10--;390,00
MO820R21--;379,00
MO824R21--;466,00
MO106231--;2.850,00
MO106232--;2.490,00
MO106233--;2.850,00
MO106234--;2.850,00
MO106235--;3.030,00
MO106236--;4.060,00
MO106237--;4.450,00
MO106238--;4.060,00
MO106241--;4.770,00
MO106242--;4.260,00
MO106243--;4.770,00
MO106244--;4.770,00
MO106245--;5.120,00
MO106246--;6.500,00
MO106247--;7.030,00
MO106248--;6.500,00
MO106331--;3.610,00
MO106332--;3.240,00
MO106333--;3.610,00
MO106334--;3.610,00
MO106335--;3.740,00
MO106336--;4.900,00
MO106337--;5.270,00
MO106338--;4.900,00
MO106341--;5.790,00
MO106342--;5.300,00
MO106343--;5.790,00
MO106344--;5.790,00
MO106345--;6.650,00
MO106346--;8.160,00
MO106347--;8.680,00
MO106348--;8.160,00
MO106431--;3.880,00
MO106432--;3.470,00
MO106434--;3.880,00
MO106435--;3.990,00
MO106436--;5.230,00
MO106437--;5.620,00
MO106438--;5.230,00
MO106441--;6.200,00
MO106442--;5.680,00
MO106444--;6.200,00
MO106445--;7.110,00
MO106446--;8.740,00
MO106447--;9.240,00
MO106448--;8.740,00
MO108231--;2.950,00
MO108232--;2.570,00
MO108233--;2.950,00
MO108234--;2.950,00
MO108235--;3.130,00
MO108236--;4.160,00
MO108237--;4.530,00
MO108238--;4.160,00
MO108241--;4.840,00
MO108242--;4.330,00
MO108243--;4.840,00
MO108244--;4.840,00
MO108245--;5.130,00
MO108246--;6.510,00
MO108247--;7.030,00
MO108248--;6.510,00
MO108331--;3.650,00
MO108332--;3.270,00
MO108333--;3.650,00
MO108334--;3.650,00
MO108335--;3.780,00
MO108336--;4.920,00
MO108337--;5.290,00
MO108338--;4.920,00
MO108341--;5.870,00
MO108342--;5.370,00
MO108343--;5.870,00
MO108344--;5.870,00
MO108345--;6.660,00
MO108346--;8.170,00
MO108347--;8.680,00
MO108348--;8.170,00
MO108431--;3.900,00
MO108432--;3.490,00
MO108434--;3.900,00
MO108435--;4.050,00
MO108436--;5.260,00
MO108437--;5.670,00
MO108438--;5.260,00
MO108441--;6.290,00
MO108442--;5.750,00
MO108444--;6.290,00
MO108445--;7.120,00
MO108446--;8.750,00
MO108447--;9.260,00
MO108448--;8.750,00
MO110231--;3.160,00
MO110232--;2.790,00
MO110233--;3.160,00
MO110234--;3.160,00
MO110235--;3.380,00
MO110236--;4.390,00
MO110237--;4.780,00
MO110238--;4.390,00
MO110241--;5.330,00
MO110242--;4.830,00
MO110243--;5.330,00
MO110244--;5.330,00
MO110245--;5.580,00
MO110246--;6.980,00
MO110247--;7.500,00
MO110248--;6.980,00
MO110331--;3.830,00
MO110332--;3.460,00
MO110333--;3.830,00
MO110334--;3.830,00
MO110335--;3.980,00
MO110336--;5.100,00
MO110337--;5.470,00
MO110338--;5.100,00
MO110341--;6.340,00
MO110342--;5.860,00
MO110343--;6.340,00
MO110344--;6.340,00
MO110345--;7.120,00
MO110346--;8.600,00
MO110347--;9.120,00
MO110348--;8.600,00
MO110431--;4.100,00
MO110432--;3.700,00
MO110434--;4.100,00
MO110435--;4.260,00
MO110436--;5.460,00
MO110437--;5.870,00
MO110438--;5.460,00
MO110441--;6.780,00
MO110442--;6.270,00
MO110444--;6.780,00
MO110445--;7.600,00
MO110446--;9.210,00
MO110447--;9.750,00
MO110448--;9.210,00
MO112231--;4.000,00
MO112232--;3.630,00
MO112233--;4.000,00
MO112234--;4.000,00
MO112235--;3.970,00
MO112236--;4.980,00
MO112237--;5.360,00
MO112238--;4.980,00
MO112241--;6.110,00
MO112242--;5.610,00
MO112243--;6.110,00
MO112244--;6.110,00
MO112245--;6.160,00
MO112246--;7.550,00
MO112247--;8.040,00
MO112248--;7.550,00
MO112331--;4.680,00
MO112332--;4.320,00
MO112333--;4.680,00
MO112334--;4.680,00
MO112335--;4.640,00
MO112336--;5.830,00
MO112337--;6.190,00
MO112338--;5.830,00
MO112341--;6.740,00
MO112342--;6.270,00
MO112343--;6.740,00
MO112344--;6.740,00
MO112345--;7.490,00
MO112346--;8.950,00
MO112347--;9.470,00
MO112348--;8.950,00
MO112431--;5.000,00
MO112432--;4.620,00
MO112434--;5.000,00
MO112435--;4.960,00
MO112436--;6.250,00
MO112437--;6.640,00
MO112438--;6.250,00
MO112441--;7.210,00
MO112442--;6.690,00
MO112444--;7.210,00
MO112445--;7.990,00
MO112446--;9.570,00
MO112447--;10.100,00
MO112448--;9.570,00
MO116231--;6.990,00
MO116232--;6.640,00
MO116233--;6.990,00
MO116234--;6.990,00
MO116235--;7.640,00
MO116236--;8.770,00
MO116237--;9.140,00
MO116238--;8.770,00
MO116241--;9.600,00
MO116242--;9.110,00
MO116243--;9.600,00
MO116244--;9.600,00
MO116245--;10.400,00
MO116246--;11.900,00
MO116247--;12.300,00
MO116248--;11.900,00
MO116331--;7.590,00
MO116332--;7.230,00
MO116333--;7.590,00
MO116334--;7.590,00
MO116335--;8.140,00
MO116336--;9.230,00
MO116337--;9.620,00
MO116338--;9.230,00
MO116341--;9.950,00
MO116342--;9.450,00
MO116343--;9.950,00
MO116344--;9.950,00
MO116345--;10.500,00
MO116346--;12.000,00
MO116347--;12.500,00
MO116348--;12.000,00
MO116431--;8.150,00
MO116432--;7.740,00
MO116434--;8.150,00
MO116435--;8.720,00
MO116436--;9.930,00
MO116437--;10.300,00
MO116438--;9.930,00
MO116441--;10.700,00
MO116442--;10.100,00
MO116444--;10.700,00
MO116445--;11.300,00
MO116446--;12.800,00
MO116447--;13.200,00
MO116448--;12.800,00
MO120231--;7.880,00
MO120232--;7.500,00
MO120234--;7.880,00
MO120235--;8.600,00
MO120236--;9.900,00
MO120237--;10.300,00
MO120238--;9.900,00
MO120241--;10.900,00
MO120242--;10.300,00
MO120244--;10.900,00
MO120245--;11.800,00
MO120246--;13.300,00
MO120247--;13.800,00
MO120248--;13.300,00
MO120331--;8.560,00
MO120332--;8.160,00
MO120334--;8.560,00
MO120335--;9.180,00
MO120336--;10.500,00
MO120337--;10.900,00
MO120338--;10.500,00
MO120341--;11.300,00
MO120342--;10.700,00
MO120344--;11.300,00
MO120345--;11.900,00
MO120346--;13.400,00
MO120347--;14.100,00
MO120348--;13.400,00
MO120431--;9.120,00
MO120432--;8.660,00
MO120434--;9.120,00
MO120435--;9.750,00
MO120436--;11.200,00
MO120437--;11.600,00
MO120438--;11.200,00
MO120441--;12.000,00
MO120442--;11.400,00
MO120444--;12.000,00
MO120445--;12.600,00
MO120446--;14.400,00
MO120447--;15.000,00
MO120448--;14.400,00
MO810F23--;159,00
MO810N11--;194,00
MO814N11--;261,00
MO810N20--;194,00
MO811N20--;243,00
MO814N20--;261,00
MO815N20--;313,00
MO810N24--;194,00
MO811N24--;243,00
MO814N24--;235,00
MO815N24--;313,00
MO810P00--;374,00
MO814P00--;497,00
MO810P01--;374,00
MO814P01--;497,00
MO810P07--;194,00
MO814P07--;261,00
MO810P18--;194,00
MO814P18--;261,00
MO810P19--;194,00
MO814P19--;261,00
MO810P23--;194,00
MO814P23--;261,00
MO810P28--;194,00
MO814P28--;261,00
MO810R10--;282,00
MO814R10--;335,00
MO810R21--;335,00
MO814R21--;390,00
